full_path,vocals/PredDecibel,vocals/SNR,vocals/SignalNoiseRatio,vocals/TargetDecibel,drums/PredDecibel,drums/SNR,drums/SignalNoiseRatio,drums/TargetDecibel,bass/PredDecibel,bass/SNR,bass/SignalNoiseRatio,bass/TargetDecibel,guitar/PredDecibel,guitar/SNR,guitar/SignalNoiseRatio,guitar/TargetDecibel,piano/PredDecibel,piano/SNR,piano/SignalNoiseRatio,piano/TargetDecibel,wind/PredDecibel,wind/SNR,wind/SignalNoiseRatio,wind/TargetDecibel,bowed_strings/PredDecibel,bowed_strings/SNR,bowed_strings/SignalNoiseRatio,bowed_strings/TargetDecibel,percussion/PredDecibel,percussion/SNR,percussion/SignalNoiseRatio,percussion/TargetDecibel,other_keys/PredDecibel,other_keys/SNR,other_keys/SignalNoiseRatio,other_keys/TargetDecibel,other_plucked/PredDecibel,other_plucked/SNR,other_plucked/SignalNoiseRatio,other_plucked/TargetDecibel,other/PredDecibel,other/SNR,other/SignalNoiseRatio,other/TargetDecibel,model,test_set
/home/hice1/kwatchar3/Documents/data/moisesdb/intermediates/npz-coarse/test/0358fd1e-244a-4422-9a42-29b5d68f6e4b.npz,-34.497291564941406,4.9929399490356445,4.9929399490356445,-33.48836135864258,-30.848270416259766,6.647346019744873,6.647346019744873,-30.73606300354004,-34.37992477416992,,-106.44451904296875,-120.0,-31.030010223388672,3.784656524658203,3.784656524658203,-29.330013275146484,-43.02996063232422,0.08704736828804016,0.08704736828804016,-37.49302291870117,-70.02854919433594,,-70.77515411376953,-120.0,-57.53632354736328,,-82.90843200683594,-120.0,-81.55987548828125,3.749293682631105e-06,3.749293682631105e-06,-32.142433166503906,-51.663238525390625,0.21749231219291687,0.21749231219291687,-39.16152572631836,-61.799625396728516,,-75.1792221069336,-120.0,-119.99990844726562,,0.0,-120.0,uhnr1app,MoisesDBDatasource
/home/hice1/kwatchar3/Documents/data/moisesdb/intermediates/npz-coarse/test/05e7af85-9721-4b42-952a-ccd34feb6033.npz,-32.811302185058594,6.5113372802734375,6.5113372802734375,-32.111732482910156,-30.09435272216797,8.634941101074219,8.634941101074219,-29.702970504760742,-32.209659576416016,8.37786865234375,8.37786865234375,-31.780061721801758,-33.93284606933594,4.083878040313721,4.083878040313721,-30.405752182006836,-48.7034797668457,,,-120.0,-72.89654541015625,,-64.2798843383789,-120.0,-52.82484436035156,,-85.2401123046875,-120.0,-72.70974731445312,,,-120.0,-61.05730438232422,,,-120.0,-62.71704864501953,,-71.16268920898438,-120.0,-119.99999237060547,,0.0,-120.0,uhnr1app,MoisesDBDatasource
/home/hice1/kwatchar3/Documents/data/moisesdb/intermediates/npz-coarse/test/06bfc6e7-e5ac-4827-bf8e-ffaf1675872f.npz,-27.915592193603516,10.59062385559082,10.59062385559082,-27.51344871520996,-32.40230178833008,7.273151397705078,7.273151397705078,-32.347023010253906,-29.176883697509766,7.608701705932617,7.608701705932617,-29.538410186767578,-31.06304359436035,4.99208927154541,4.99208927154541,-28.401010513305664,-49.41939926147461,,,-120.0,-86.34245300292969,,-46.550662994384766,-120.0,-78.10838317871094,,-54.72624969482422,-120.0,-54.79435729980469,3.6587891578674316,3.6587891578674316,-52.283164978027344,-79.49608612060547,,,-120.0,-66.98912811279297,,-62.05602264404297,-120.0,-119.99999237060547,,0.0,-120.0,uhnr1app,MoisesDBDatasource
/home/hice1/kwatchar3/Documents/data/moisesdb/intermediates/npz-coarse/test/07fb2df2-91d6-458d-9230-9638b4edac08.npz,-36.63747787475586,6.054749488830566,6.054749488830566,-35.46328353881836,-29.88507080078125,12.007545471191406,12.007545471191406,-29.805604934692383,-38.19801712036133,5.01445198059082,5.01445198059082,-37.14490509033203,-33.239898681640625,3.8126044273376465,3.8126044273376465,-32.573875427246094,-44.672969818115234,1.3773597478866577,1.3773597478866577,-39.38029861450195,-64.62361145019531,,-73.1026611328125,-120.0,-56.84610366821289,0.27373722195625305,0.27373722195625305,-44.74441909790039,-83.1446533203125,,,-120.0,-70.24153900146484,,,-120.0,-64.59965515136719,,-70.88435363769531,-120.0,-119.99999237060547,,0.0,-120.0,uhnr1app,MoisesDBDatasource
/home/hice1/kwatchar3/Documents/data/moisesdb/intermediates/npz-coarse/test/0d528a19-cb0f-4421-b250-444f9343e51c.npz,-25.31197738647461,8.054155349731445,8.054155349731445,-24.466867446899414,-25.878751754760742,9.005861282348633,9.005861282348633,-25.348506927490234,-26.535518646240234,11.352375984191895,11.352375984191895,-26.186798095703125,-29.089046478271484,4.296502113342285,4.296502113342285,-27.044570922851562,-61.61520004272461,,,-120.0,-53.95262145996094,,-81.22891235351562,-120.0,-75.0076904296875,,-60.03244400024414,-120.0,-83.78526306152344,,,-120.0,-64.10254669189453,,,-120.0,-59.70404052734375,,-70.73347473144531,-120.0,-119.99996948242188,,0.0,-120.0,uhnr1app,MoisesDBDatasource
/home/hice1/kwatchar3/Documents/data/moisesdb/intermediates/npz-coarse/test/11845abc-8ca3-4fb2-bd84-521aeeff56f4.npz,-28.624717712402344,9.071588516235352,9.071588516235352,-28.53472900390625,-24.50334930419922,11.282815933227539,11.282815933227539,-24.17966079711914,-33.79582977294922,0.09126618504524231,0.09126618504524231,-27.511396408081055,-28.098766326904297,-0.2847738265991211,-0.2847738265991211,-28.76087188720703,-39.3941764831543,,,-120.0,-86.0683364868164,,-52.72991180419922,-120.0,-60.682212829589844,,-78.58213806152344,-120.0,-77.5475845336914,,,-120.0,-43.39836883544922,-0.09439627826213837,-0.09439627826213837,-31.610595703125,-60.36405563354492,,-74.8428726196289,-120.0,-119.99996948242188,,0.0,-120.0,uhnr1app,MoisesDBDatasource
/home/hice1/kwatchar3/Documents/data/moisesdb/intermediates/npz-coarse/test/125fc63d-9b69-4170-a46a-42c91bc28446.npz,-27.919734954833984,7.166142463684082,7.166142463684082,-28.39012336730957,-46.17662811279297,3.1595301628112793,3.1595301628112793,-44.06062698364258,-32.14051818847656,11.933820724487305,11.933820724487305,-32.12579345703125,-35.35479736328125,3.290829658508301,3.290829658508301,-32.061988830566406,-50.583396911621094,,,-120.0,-42.396907806396484,1.0563746690750122,1.0563746690750122,-32.79975128173828,-49.967010498046875,,-88.14198303222656,-120.0,-70.07347869873047,,,-120.0,-73.4697036743164,,,-120.0,-67.82522583007812,,-66.60623168945312,-120.0,-119.99999237060547,,0.0,-120.0,uhnr1app,MoisesDBDatasource
/home/hice1/kwatchar3/Documents/data/moisesdb/intermediates/npz-coarse/test/1a32e987-cae8-458f-9c26-d9a6abf5348d.npz,-33.03661346435547,9.823812484741211,9.823812484741211,-32.74550247192383,-29.466999053955078,11.228036880493164,11.228036880493164,-29.379594802856445,-33.982662200927734,6.306644916534424,6.306644916534424,-33.08759307861328,-36.43378829956055,3.453350305557251,3.453350305557251,-33.22429275512695,-41.46604537963867,2.6010217666625977,2.6010217666625977,-38.618797302246094,-91.96678924560547,,-47.236873626708984,-120.0,-56.566139221191406,,-82.95106506347656,-120.0,-63.58369827270508,,,-120.0,-65.60586547851562,,,-120.0,-66.31564331054688,,-68.96826934814453,-120.0,-119.99991607666016,,0.0,-120.0,uhnr1app,MoisesDBDatasource
/home/hice1/kwatchar3/Documents/data/moisesdb/intermediates/npz-coarse/test/1afe1b3b-3e2e-48d3-b859-f50e222cbaf4.npz,-32.682804107666016,6.057894706726074,6.057894706726074,-31.761615753173828,-31.082050323486328,6.24873161315918,6.24873161315918,-30.77674102783203,-23.898300170898438,12.809085845947266,12.809085845947266,-23.5837459564209,-33.41664505004883,3.4106922149658203,3.4106922149658203,-30.401241302490234,-45.055152893066406,0.6601600646972656,0.6601600646972656,-37.994937896728516,-74.66243743896484,,-64.70293426513672,-120.0,-61.457332611083984,-0.06157670170068741,-0.06157670170068741,-45.33448791503906,-79.11054992675781,,,-120.0,-60.45354461669922,,,-120.0,-60.921226501464844,,-75.41639709472656,-120.0,-119.99996948242188,,0.0,-120.0,uhnr1app,MoisesDBDatasource
/home/hice1/kwatchar3/Documents/data/moisesdb/intermediates/npz-coarse/test/1f98fe4d-26c7-460f-9f68-33964bc4d8d3.npz,-36.311031341552734,4.705704689025879,4.705704689025879,-34.50276565551758,-33.076717376708984,10.326192855834961,10.326192855834961,-32.555625915527344,-36.0889778137207,7.789376258850098,7.789376258850098,-35.549747467041016,-41.235069274902344,1.6348899602890015,1.6348899602890015,-34.667381286621094,-54.573341369628906,,,-120.0,-64.09146118164062,,-71.96662902832031,-120.0,-65.47781372070312,,-71.95547485351562,-120.0,-80.39620208740234,,,-120.0,-42.56670379638672,,,-120.0,-61.8858528137207,,-72.53943634033203,-120.0,-119.99999237060547,,0.0,-120.0,uhnr1app,MoisesDBDatasource
/home/hice1/kwatchar3/Documents/data/moisesdb/intermediates/npz-coarse/test/215391aa-1168-42dd-9cab-f8b0c6ff566b.npz,-35.262779235839844,3.5048184394836426,3.5048184394836426,-31.544389724731445,-28.474315643310547,6.716545104980469,6.716545104980469,-27.772924423217773,-31.139318466186523,4.700760841369629,4.700760841369629,-30.522920608520508,-36.314273834228516,1.5511586666107178,1.5511586666107178,-34.5413932800293,-71.6815185546875,,,-120.0,-86.88002014160156,,-51.378990173339844,-120.0,-47.6225471496582,,-91.35345458984375,-120.0,-52.54265213012695,-0.57448410987854,-0.57448410987854,-44.305877685546875,-42.266841888427734,1.7967383861541748,1.7967383861541748,-37.24310302734375,-62.323097229003906,,-72.39006042480469,-120.0,-119.99993133544922,,0.0,-120.0,uhnr1app,MoisesDBDatasource
/home/hice1/kwatchar3/Documents/data/moisesdb/intermediates/npz-coarse/test/25789239-1075-43b9-bfc9-51dff4a29590.npz,-30.663265228271484,5.5271687507629395,5.5271687507629395,-30.292932510375977,-27.534412384033203,7.910553932189941,7.910553932189941,-26.58075523376465,-32.573429107666016,6.695939064025879,6.695939064025879,-32.096981048583984,-35.12995910644531,2.2718358039855957,2.2718358039855957,-30.976226806640625,-53.01215362548828,,,-120.0,-73.68025970458984,,-59.68109130859375,-120.0,-70.19290924072266,,-66.59706115722656,-120.0,-73.28627014160156,,,-120.0,-54.94892883300781,0.05511152371764183,0.05511152371764183,-35.995361328125,-61.77149200439453,,-71.09990692138672,-120.0,-119.99999237060547,,0.0,-120.0,uhnr1app,MoisesDBDatasource
/home/hice1/kwatchar3/Documents/data/moisesdb/intermediates/npz-coarse/test/28748b6e-6125-42f7-998d-2ad734e39b6c.npz,-30.787059783935547,3.917548179626465,3.917548179626465,-31.150056838989258,-26.987079620361328,8.34163761138916,8.34163761138916,-26.323564529418945,-23.46703338623047,7.8629913330078125,7.8629913330078125,-22.491390228271484,-36.73026657104492,,,-120.0,-48.83704376220703,,,-120.0,-59.73291015625,,-77.2078857421875,-120.0,-54.69505310058594,,-82.20201110839844,-120.0,-86.24388122558594,-0.0012080927845090628,-0.0012080927845090628,-52.83687210083008,-44.703224182128906,-0.39474618434906006,-0.39474618434906006,-38.889808654785156,-62.44789123535156,,-72.14102172851562,-120.0,-119.99999237060547,0.0,0.0,-33.45820999145508,uhnr1app,MoisesDBDatasource
/home/hice1/kwatchar3/Documents/data/moisesdb/intermediates/npz-coarse/test/35983cdd-3903-46cb-b184-f96274ced57b.npz,-29.580650329589844,7.184804916381836,7.184804916381836,-29.064075469970703,-27.00273323059082,12.10899543762207,12.10899543762207,-26.73343276977539,-28.59717559814453,11.23751449584961,11.23751449584961,-28.37289810180664,-35.71590805053711,2.3811488151550293,2.3811488151550293,-32.638763427734375,-54.43874740600586,0.09606751799583435,0.09606751799583435,-51.32182693481445,-53.03579330444336,,-83.83706665039062,-120.0,-55.06483459472656,,-83.84957885742188,-120.0,-61.4427490234375,0.7593739032745361,0.7593739032745361,-52.34511947631836,-53.71238327026367,0.07719670981168747,0.07719670981168747,-37.35026550292969,-59.73324203491211,,-75.74424743652344,-120.0,-119.99999237060547,0.0,0.0,-52.318321228027344,uhnr1app,MoisesDBDatasource
/home/hice1/kwatchar3/Documents/data/moisesdb/intermediates/npz-coarse/test/3c3b5fdb-f15e-4ba4-884a-b083ce2426c6.npz,-39.656375885009766,4.979773044586182,4.979773044586182,-39.274314880371094,-41.13507080078125,8.002318382263184,8.002318382263184,-40.62315368652344,-26.62067222595215,18.89108657836914,18.89108657836914,-26.56557273864746,-36.11892318725586,5.961282730102539,5.961282730102539,-34.66669464111328,-72.15016174316406,,,-120.0,-68.39649963378906,,-69.03462219238281,-120.0,-84.0730972290039,,-54.01593780517578,-120.0,-83.38836669921875,,,-120.0,-80.66071319580078,,,-120.0,-68.78563690185547,,-64.99124908447266,-120.0,-119.99999237060547,,0.0,-120.0,uhnr1app,MoisesDBDatasource
/home/hice1/kwatchar3/Documents/data/moisesdb/intermediates/npz-coarse/test/3c557409-3a34-43c2-9159-5421bbad5ecb.npz,-36.09052658081055,6.311330795288086,6.311330795288086,-35.09471130371094,-28.633268356323242,8.798147201538086,8.798147201538086,-28.13477325439453,-29.662046432495117,8.293961524963379,8.293961524963379,-29.36051368713379,-31.646873474121094,5.470668792724609,5.470668792724609,-29.781166076660156,-61.023677825927734,,,-120.0,-75.36042785644531,,-68.03523254394531,-120.0,-52.689491271972656,,-87.75634765625,-120.0,-82.77924346923828,,,-120.0,-59.50767517089844,,,-120.0,-65.30606079101562,,-73.39054107666016,-120.0,-119.99999237060547,,0.0,-120.0,uhnr1app,MoisesDBDatasource
/home/hice1/kwatchar3/Documents/data/moisesdb/intermediates/npz-coarse/test/3e656eec-84d4-4a45-b410-d3817d849f92.npz,-28.98244857788086,6.334381103515625,6.334381103515625,-28.195459365844727,-30.704883575439453,7.881777763366699,7.881777763366699,-30.226106643676758,-33.650936126708984,5.214058876037598,5.214058876037598,-32.966339111328125,-30.93501853942871,1.192978858947754,1.192978858947754,-29.917774200439453,-41.16975784301758,0.8204178214073181,0.8204178214073181,-35.89720916748047,-80.91575622558594,,-57.443119049072266,-120.0,-42.62214279174805,0.7094449996948242,0.7094449996948242,-32.28385543823242,-66.3453369140625,,,-120.0,-51.32208251953125,0.19928978383541107,0.19928978383541107,-38.98603439331055,-60.83938217163086,,-74.74481201171875,-120.0,-119.99996185302734,,0.0,-120.0,uhnr1app,MoisesDBDatasource
/home/hice1/kwatchar3/Documents/data/moisesdb/intermediates/npz-coarse/test/4380ad97-2620-4419-a011-ddfa29a87f54.npz,-36.0169563293457,6.643211364746094,6.643211364746094,-35.395835876464844,-28.364839553833008,13.952167510986328,13.952167510986328,-28.296384811401367,-33.67997741699219,8.93069076538086,8.93069076538086,-33.272789001464844,-43.34873962402344,0.70795738697052,0.70795738697052,-40.029075622558594,-40.70836639404297,2.846158504486084,2.846158504486084,-37.05724334716797,-78.28690338134766,,-60.656349182128906,-120.0,-69.6463851928711,-1.1886426210403442,-1.1886426210403442,-55.3319091796875,-76.05626678466797,0.018877200782299042,0.018877200782299042,-43.40546417236328,-70.9230728149414,,,-120.0,-58.09291458129883,,-77.47838592529297,-120.0,-119.99998474121094,,0.0,-120.0,uhnr1app,MoisesDBDatasource
/home/hice1/kwatchar3/Documents/data/moisesdb/intermediates/npz-coarse/test/48c78ca6-18e9-42f2-9f05-fdbee90a7786.npz,-34.34214782714844,8.579191207885742,8.579191207885742,-34.17191696166992,-27.392070770263672,10.707195281982422,10.707195281982422,-27.277782440185547,-28.771221160888672,8.217260360717773,8.217260360717773,-28.459775924682617,-41.83244323730469,1.4962886571884155,1.4962886571884155,-35.047752380371094,-54.0931510925293,,,-120.0,-79.07270812988281,-0.001965171890333295,-0.001965171890333295,-46.04304504394531,-61.05689239501953,,-77.13063049316406,-120.0,-61.207366943359375,0.12362583726644516,0.12362583726644516,-43.40740203857422,-53.590030670166016,-0.08868018537759781,-0.08868018537759781,-42.61012649536133,-66.67962646484375,,-67.32766723632812,-120.0,-119.99999237060547,,0.0,-120.0,uhnr1app,MoisesDBDatasource
/home/hice1/kwatchar3/Documents/data/moisesdb/intermediates/npz-coarse/test/491c1ff5-1e7b-4046-8029-a82d4a8aefb4.npz,-31.886112213134766,11.9212646484375,11.9212646484375,-31.745960235595703,-33.41081237792969,8.655233383178711,8.655233383178711,-31.979787826538086,-32.013160705566406,6.399151802062988,6.399151802062988,-32.536861419677734,-39.45731735229492,0.02811305969953537,0.02811305969953537,-38.21721649169922,-37.872413635253906,1.9603431224822998,1.9603431224822998,-35.12664794921875,-54.832401275634766,,-84.77367401123047,-120.0,-57.96931457519531,,-81.73009490966797,-120.0,-59.74082565307617,-0.04627421125769615,-0.04627421125769615,-39.30904769897461,-59.97264862060547,0.05428700149059296,0.05428700149059296,-43.44612121582031,-60.07642364501953,,-77.35667419433594,-120.0,-119.99998474121094,,0.0,-120.0,uhnr1app,MoisesDBDatasource
/home/hice1/kwatchar3/Documents/data/moisesdb/intermediates/npz-coarse/test/4999a0bf-a753-4e0e-85b1-690259dabf96.npz,-31.511003494262695,5.511852264404297,5.511852264404297,-30.63124656677246,-31.281564712524414,5.69666051864624,5.69666051864624,-31.262073516845703,-28.30992889404297,10.339350700378418,10.339350700378418,-27.765216827392578,-35.28132629394531,2.5409867763519287,2.5409867763519287,-31.57902717590332,-63.23384094238281,,,-120.0,-80.17173767089844,,-58.52491760253906,-120.0,-39.71187973022461,,-99.20916748046875,-120.0,-54.31792449951172,,,-120.0,-46.91578674316406,0.3049522638320923,0.3049522638320923,-34.4820442199707,-61.48859405517578,,-73.53071594238281,-120.0,-119.99993896484375,0.0,0.0,-39.54005432128906,uhnr1app,MoisesDBDatasource
/home/hice1/kwatchar3/Documents/data/moisesdb/intermediates/npz-coarse/test/5640831d-7853-4d06-8166-988e2844b652.npz,-30.247867584228516,7.114097595214844,7.114097595214844,-29.614757537841797,-27.11418914794922,6.990962505340576,6.990962505340576,-26.2755184173584,-23.72623634338379,9.044984817504883,9.044984817504883,-23.3326358795166,-32.51853942871094,-2.424922466278076,-2.424922466278076,-35.412635803222656,-51.60488510131836,,,-120.0,-66.01508331298828,,-71.33981323242188,-120.0,-44.023460388183594,,-94.36884307861328,-120.0,-69.39547729492188,,,-120.0,-43.10482406616211,0.6497316360473633,0.6497316360473633,-30.062164306640625,-56.87955856323242,,-78.89604949951172,-120.0,-119.99999237060547,,0.0,-120.0,uhnr1app,MoisesDBDatasource
/home/hice1/kwatchar3/Documents/data/moisesdb/intermediates/npz-coarse/test/5a6df5c7-a58a-479e-bdfb-c5946c221933.npz,-29.638673782348633,8.73410415649414,8.73410415649414,-28.92911148071289,-28.181894302368164,11.082479476928711,11.082479476928711,-28.035572052001953,-30.032455444335938,9.673858642578125,9.673858642578125,-29.572986602783203,-39.508453369140625,0.46008604764938354,0.46008604764938354,-36.741600036621094,-39.68635177612305,2.274838447570801,2.274838447570801,-35.80904769897461,-54.219818115234375,0.46783894300460815,0.46783894300460815,-41.45542526245117,-61.755123138427734,,-76.24090576171875,-120.0,-59.55337905883789,-0.4714585244655609,-0.4714585244655609,-50.33335876464844,-57.744659423828125,0.19327670335769653,0.19327670335769653,-42.74091339111328,-57.45071029663086,0.026931554079055786,0.026931554079055786,-50.193145751953125,-119.99990844726562,,0.0,-120.0,uhnr1app,MoisesDBDatasource
/home/hice1/kwatchar3/Documents/data/moisesdb/intermediates/npz-coarse/test/606e3380-b062-4b74-88ac-b60d6f4d0a37.npz,-30.343528747558594,10.209650039672852,10.209650039672852,-30.068151473999023,-36.11864471435547,3.4651904106140137,3.4651904106140137,-34.259464263916016,-26.444284439086914,10.37939453125,10.37939453125,-26.366230010986328,-38.99555969238281,1.8498589992523193,1.8498589992523193,-31.896686553955078,-51.43827438354492,,,-120.0,-81.54475402832031,,-57.6441764831543,-120.0,-49.70048522949219,,-90.00360870361328,-120.0,-79.32987976074219,,,-120.0,-63.81305694580078,,,-120.0,-57.595611572265625,,-79.08433532714844,-120.0,-119.99996948242188,,0.0,-120.0,uhnr1app,MoisesDBDatasource
/home/hice1/kwatchar3/Documents/data/moisesdb/intermediates/npz-coarse/test/6b48c9de-fa34-4635-9718-04e01a03a0fe.npz,-28.801572799682617,7.077930927276611,7.077930927276611,-28.058399200439453,-32.146507263183594,5.762607097625732,5.762607097625732,-30.74782371520996,-29.797969818115234,8.643285751342773,8.643285751342773,-29.084144592285156,-28.50445556640625,5.655769348144531,5.655769348144531,-27.076356887817383,-49.2424430847168,,,-120.0,-70.23856353759766,,-69.94758605957031,-120.0,-53.975162506103516,,-85.8404312133789,-120.0,-74.04961395263672,,,-120.0,-62.43595504760742,,,-120.0,-60.7137451171875,,-74.6810302734375,-120.0,-119.99999237060547,,0.0,-120.0,uhnr1app,MoisesDBDatasource
/home/hice1/kwatchar3/Documents/data/moisesdb/intermediates/npz-coarse/test/6de41c50-0c49-4528-b60b-75c45d3630f4.npz,-28.294437408447266,8.270423889160156,8.270423889160156,-27.792095184326172,-27.490312576293945,6.562906265258789,6.562906265258789,-27.190465927124023,-24.81061553955078,8.222737312316895,8.222737312316895,-24.397544860839844,-29.79140853881836,4.754087448120117,4.754087448120117,-27.109277725219727,-57.787330627441406,,,-120.0,-62.25273895263672,,-76.52133178710938,-120.0,-53.910377502441406,,-85.68089294433594,-120.0,-64.28047943115234,,,-120.0,-61.35456466674805,,,-120.0,-60.79304504394531,,-76.10542297363281,-120.0,-119.99998474121094,,0.0,-120.0,uhnr1app,MoisesDBDatasource
/home/hice1/kwatchar3/Documents/data/moisesdb/intermediates/npz-coarse/test/704f1de9-1d02-4c2b-af05-107a7700a51d.npz,-32.72304916381836,8.71347427368164,8.71347427368164,-32.224365234375,-27.035043716430664,11.574070930480957,11.574070930480957,-26.92042350769043,-26.695783615112305,9.016773223876953,9.016773223876953,-26.047943115234375,-37.50273513793945,0.8247510194778442,0.8247510194778442,-34.2691650390625,-60.82358932495117,,,-120.0,-91.83477783203125,,-48.072959899902344,-120.0,-62.430908203125,,-77.52946472167969,-120.0,-76.64271545410156,,,-120.0,-68.98241424560547,,,-120.0,-65.80093383789062,,-70.76229858398438,-120.0,-119.99996185302734,,0.0,-120.0,uhnr1app,MoisesDBDatasource
/home/hice1/kwatchar3/Documents/data/moisesdb/intermediates/npz-coarse/test/78ef22ce-472f-4f82-8656-16df73b9465f.npz,-26.623748779296875,7.771109104156494,7.771109104156494,-26.747886657714844,-33.97391891479492,5.051222801208496,5.051222801208496,-32.82122802734375,-23.9049129486084,19.931583404541016,19.931583404541016,-23.807044982910156,-34.37285614013672,2.693096160888672,2.693096160888672,-30.516613006591797,-53.54332733154297,,,-120.0,-36.423439025878906,1.7456021308898926,1.7456021308898926,-30.33584213256836,-65.58767700195312,,-72.30632781982422,-120.0,-67.46487426757812,,,-120.0,-67.14896392822266,,,-120.0,-60.32330322265625,,-74.55524444580078,-120.0,-119.99996948242188,,0.0,-120.0,uhnr1app,MoisesDBDatasource
/home/hice1/kwatchar3/Documents/data/moisesdb/intermediates/npz-coarse/test/7bfa233c-24ed-4c7a-9096-11e3aa00c55d.npz,-29.253652572631836,8.176206588745117,8.176206588745117,-28.68526840209961,-29.89475440979004,10.555009841918945,10.555009841918945,-29.607315063476562,-28.168041229248047,10.277680397033691,10.277680397033691,-27.965045928955078,-39.54563522338867,0.30962103605270386,0.30962103605270386,-36.09190368652344,-32.593162536621094,4.510526657104492,4.510526657104492,-30.49059295654297,-55.41138458251953,-0.26765841245651245,-0.26765841245651245,-42.769500732421875,-52.68285369873047,0.7581443786621094,0.7581443786621094,-42.53108215332031,-74.49179077148438,-0.19538134336471558,-0.19538134336471558,-58.813621520996094,-56.723854064941406,,,-120.0,-59.726749420166016,,-77.69703674316406,-120.0,-119.99998474121094,,0.0,-120.0,uhnr1app,MoisesDBDatasource
/home/hice1/kwatchar3/Documents/data/moisesdb/intermediates/npz-coarse/test/7dd515b0-e218-425d-b8bf-a75056237d6a.npz,-23.86570167541504,12.087830543518066,12.087830543518066,-23.82159996032715,-75.69357299804688,,,-120.0,-72.66800689697266,,-64.59866333007812,-120.0,-44.60413360595703,,,-120.0,-28.4714412689209,6.91013240814209,6.91013240814209,-26.316253662109375,-76.81544494628906,,-60.40110778808594,-120.0,-67.49442291259766,,-65.90296936035156,-120.0,-82.0892333984375,,,-120.0,-63.17938995361328,,,-120.0,-61.73930740356445,,-71.47882080078125,-120.0,-119.99999237060547,,0.0,-120.0,uhnr1app,MoisesDBDatasource
/home/hice1/kwatchar3/Documents/data/moisesdb/intermediates/npz-coarse/test/8042b88a-6179-406b-9ec4-b45a4cdd4a71.npz,-29.247661590576172,6.395576477050781,6.395576477050781,-28.309635162353516,-28.098194122314453,5.6153740882873535,5.6153740882873535,-28.323347091674805,-28.26810073852539,8.386259078979492,8.386259078979492,-27.085739135742188,-36.999942779541016,2.1008198261260986,2.1008198261260986,-32.76131057739258,-54.583045959472656,,,-120.0,-60.04139709472656,,-79.69264221191406,-120.0,-56.84606170654297,,-82.8289566040039,-120.0,-68.7572250366211,0.07432976365089417,0.07432976365089417,-45.469818115234375,-58.616249084472656,0.08850039541721344,0.08850039541721344,-37.19159698486328,-61.037601470947266,,-74.51077270507812,-120.0,-119.99992370605469,0.0,0.0,-51.965545654296875,uhnr1app,MoisesDBDatasource
/home/hice1/kwatchar3/Documents/data/moisesdb/intermediates/npz-coarse/test/88b545e5-4d06-4d55-a306-1bd3a2915ee5.npz,-29.93939971923828,9.869779586791992,9.869779586791992,-29.54204559326172,-30.827037811279297,8.040512084960938,8.040512084960938,-30.310501098632812,-30.93634033203125,7.176520347595215,7.176520347595215,-30.097354888916016,-32.870338439941406,4.534326076507568,4.534326076507568,-30.569570541381836,-68.94754791259766,,,-120.0,-67.28440856933594,,-71.08953857421875,-120.0,-52.16905975341797,,-86.6771240234375,-120.0,-79.43231964111328,,,-120.0,-59.9600944519043,,,-120.0,-65.44523620605469,,-71.87818908691406,-120.0,-119.99999237060547,,0.0,-120.0,uhnr1app,MoisesDBDatasource
/home/hice1/kwatchar3/Documents/data/moisesdb/intermediates/npz-coarse/test/8a6c9c1f-4865-404f-a805-1949de36a33c.npz,-31.670658111572266,11.804698944091797,11.804698944091797,-31.303394317626953,-31.894046783447266,10.11549186706543,10.11549186706543,-31.343338012695312,-28.14478302001953,14.573307991027832,14.573307991027832,-27.8867244720459,-30.110490798950195,7.960646629333496,7.960646629333496,-29.182422637939453,-53.1049919128418,,,-120.0,-77.02633666992188,,-55.610294342041016,-120.0,-74.19087982177734,,-61.607383728027344,-120.0,-48.7862548828125,5.193894386291504,5.193894386291504,-47.2462158203125,-71.0648193359375,0.14195036888122559,0.14195036888122559,-45.402503967285156,-65.8901596069336,,-66.21311950683594,-120.0,-119.99998474121094,,0.0,-120.0,uhnr1app,MoisesDBDatasource
/home/hice1/kwatchar3/Documents/data/moisesdb/intermediates/npz-coarse/test/8f36f17f-c033-4c1b-a793-80dce43d507b.npz,-30.55811882019043,7.866754531860352,7.866754531860352,-30.51202392578125,-31.578624725341797,7.939233779907227,7.939233779907227,-31.355545043945312,-27.349613189697266,10.604656219482422,10.604656219482422,-27.16669273376465,-38.29319763183594,1.4905308485031128,1.4905308485031128,-33.39058303833008,-42.05886459350586,5.588885307312012,5.588885307312012,-41.04011917114258,-57.472835540771484,0.09701621532440186,0.09701621532440186,-39.7966423034668,-51.65930938720703,-0.010236766189336777,-0.010236766189336777,-39.60023880004883,-79.5333251953125,,,-120.0,-51.19489288330078,,,-120.0,-64.205322265625,,-72.99845123291016,-120.0,-119.99998474121094,,0.0,-120.0,uhnr1app,MoisesDBDatasource
/home/hice1/kwatchar3/Documents/data/moisesdb/intermediates/npz-coarse/test/93dda0e8-dd76-49e4-b08f-54a82387cdf6.npz,-31.95582389831543,3.8943772315979004,3.8943772315979004,-32.46970748901367,-36.11555099487305,4.533824920654297,4.533824920654297,-33.8278694152832,-25.448713302612305,11.586240768432617,11.586240768432617,-25.0262451171875,-32.321250915527344,3.1558940410614014,3.1558940410614014,-29.051706314086914,-43.01633834838867,0.6979116201400757,0.6979116201400757,-38.304962158203125,-53.99209976196289,,-84.18402099609375,-120.0,-43.7440299987793,0.9217618703842163,0.9217618703842163,-39.48146438598633,-86.79356384277344,,,-120.0,-49.2314338684082,-0.2252143919467926,-0.2252143919467926,-38.82796859741211,-59.36005401611328,,-75.61505126953125,-120.0,-119.99999237060547,,0.0,-120.0,uhnr1app,MoisesDBDatasource
/home/hice1/kwatchar3/Documents/data/moisesdb/intermediates/npz-coarse/test/a199697c-3cdc-47c7-a9c7-c1b07dd6c9dd.npz,-28.44041633605957,8.154634475708008,8.154634475708008,-27.771404266357422,-31.82335090637207,8.009624481201172,8.009624481201172,-31.173994064331055,-37.00708770751953,5.711679935455322,5.711679935455322,-36.94702911376953,-43.95220184326172,0.48471367359161377,0.48471367359161377,-37.09312057495117,-38.27812957763672,2.2493114471435547,2.2493114471435547,-33.9513053894043,-57.9973258972168,,-80.9865951538086,-120.0,-45.873390197753906,0.42513957619667053,0.42513957619667053,-37.629451751708984,-72.86749267578125,,,-120.0,-57.653785705566406,,,-120.0,-64.84016418457031,,-69.45059204101562,-120.0,-119.99998474121094,0.0,0.0,-46.37982177734375,uhnr1app,MoisesDBDatasource
/home/hice1/kwatchar3/Documents/data/moisesdb/intermediates/npz-coarse/test/a1dcaeb2-f4e6-4818-b490-09f44d624afc.npz,-28.368453979492188,9.238040924072266,9.238040924072266,-27.595760345458984,-27.738161087036133,8.318075180053711,8.318075180053711,-27.01158905029297,-25.924541473388672,10.003425598144531,10.003425598144531,-25.7565975189209,-33.94734191894531,4.088736534118652,4.088736534118652,-31.142122268676758,-48.23568344116211,,,-120.0,-62.02798843383789,,-77.36979675292969,-120.0,-54.30047607421875,,-85.3053970336914,-120.0,-76.36807250976562,,,-120.0,-49.49347686767578,,,-120.0,-61.17494201660156,,-74.552734375,-120.0,-119.99995422363281,,0.0,-120.0,uhnr1app,MoisesDBDatasource
/home/hice1/kwatchar3/Documents/data/moisesdb/intermediates/npz-coarse/test/a56d9450-3a26-485c-8ac3-24b6b54e2c1d.npz,-29.07907485961914,12.307035446166992,12.307035446166992,-28.864248275756836,-29.82944679260254,10.79609489440918,10.79609489440918,-29.678722381591797,-25.442855834960938,14.108997344970703,14.108997344970703,-25.34492301940918,-28.32994270324707,8.123420715332031,8.123420715332031,-27.244281768798828,-62.50293731689453,,,-120.0,-83.52278137207031,,-50.925941467285156,-120.0,-73.55863952636719,,-61.0153694152832,-120.0,-91.06819152832031,,,-120.0,-78.17695617675781,,,-120.0,-68.01238250732422,,-62.293495178222656,-120.0,-119.99999237060547,,0.0,-120.0,uhnr1app,MoisesDBDatasource
/home/hice1/kwatchar3/Documents/data/moisesdb/intermediates/npz-coarse/test/aa600069-0a98-45e6-94fa-4000bfe46c25.npz,-37.707759857177734,8.179319381713867,8.179319381713867,-37.22572708129883,-31.75881576538086,11.278166770935059,11.278166770935059,-31.55923843383789,-34.04758071899414,9.009417533874512,9.009417533874512,-33.740047454833984,-41.67296600341797,2.5252678394317627,2.5252678394317627,-37.41889190673828,-47.01258850097656,0.9860759973526001,0.9860759973526001,-42.56352996826172,-91.0734634399414,0.006393776275217533,0.006393776275217533,-53.15666580200195,-63.74618911743164,-0.07981693744659424,-0.07981693744659424,-54.09595489501953,-75.8678970336914,,,-120.0,-67.93323516845703,,,-120.0,-68.54847717285156,,-66.8253402709961,-120.0,-119.99996185302734,,0.0,-120.0,uhnr1app,MoisesDBDatasource
/home/hice1/kwatchar3/Documents/data/moisesdb/intermediates/npz-coarse/test/ad9bbefc-8762-46c9-b847-da14b10802b6.npz,-30.708168029785156,5.122092247009277,5.122092247009277,-30.834869384765625,-29.895469665527344,10.048428535461426,10.048428535461426,-29.45442008972168,-30.462173461914062,7.629411697387695,7.629411697387695,-29.82468605041504,-32.349830627441406,3.9454329013824463,3.9454329013824463,-29.981098175048828,-52.49952697753906,,,-120.0,-66.48026275634766,,-70.58168029785156,-120.0,-73.15331268310547,,-64.6120376586914,-120.0,-81.25298309326172,,,-120.0,-50.19462966918945,-0.1876150667667389,-0.1876150667667389,-37.80777359008789,-65.69266510009766,,-68.75233459472656,-120.0,-119.99999237060547,,0.0,-120.0,uhnr1app,MoisesDBDatasource
/home/hice1/kwatchar3/Documents/data/moisesdb/intermediates/npz-coarse/test/adb5e3fd-d039-42e4-b09b-fd0784fa0c82.npz,-26.218900680541992,7.278468132019043,7.278468132019043,-25.960845947265625,-27.873868942260742,7.525236129760742,7.525236129760742,-28.008920669555664,-31.303741455078125,6.276335716247559,6.276335716247559,-31.337482452392578,-47.26743698120117,-0.06082971394062042,-0.06082971394062042,-38.305519104003906,-50.66834259033203,0.2002173513174057,0.2002173513174057,-35.005794525146484,-71.44416809082031,,-67.55545043945312,-120.0,-65.59110260009766,,-73.48731994628906,-120.0,-66.52253723144531,0.0023718569427728653,0.0023718569427728653,-38.765892028808594,-49.784576416015625,0.23635706305503845,0.23635706305503845,-34.88874435424805,-58.258140563964844,,-77.38372802734375,-120.0,-119.99998474121094,0.0,0.0,-36.66228485107422,uhnr1app,MoisesDBDatasource
/home/hice1/kwatchar3/Documents/data/moisesdb/intermediates/npz-coarse/test/bb45cf1a-4c58-4fe3-88ea-97ef27527507.npz,-27.200822830200195,7.432028770446777,7.432028770446777,-26.565624237060547,-24.717514038085938,10.96541976928711,10.96541976928711,-24.221603393554688,-28.029483795166016,9.006340980529785,9.006340980529785,-27.848506927490234,-40.562591552734375,0.9637048244476318,0.9637048244476318,-36.9794921875,-35.09501647949219,3.083138942718506,3.083138942718506,-30.864498138427734,-65.23160552978516,,-71.45423126220703,-120.0,-62.896392822265625,0.060914695262908936,0.060914695262908936,-42.26264953613281,-64.04153442382812,,,-120.0,-48.914573669433594,-0.3732130527496338,-0.3732130527496338,-38.98967361450195,-55.01814270019531,,-80.03204345703125,-120.0,-119.99996948242188,,0.0,-120.0,uhnr1app,MoisesDBDatasource
/home/hice1/kwatchar3/Documents/data/moisesdb/intermediates/npz-coarse/test/c6d73235-1dd5-4085-a3b3-50a3466c6168.npz,-32.404075622558594,5.766318321228027,5.766318321228027,-32.821533203125,-31.44869041442871,9.399031639099121,9.399031639099121,-30.943626403808594,-32.95387649536133,6.749503135681152,6.749503135681152,-33.05343246459961,-36.54267120361328,2.6002378463745117,2.6002378463745117,-33.15800476074219,-57.91343688964844,,,-120.0,-38.76516342163086,2.9006471633911133,2.9006471633911133,-33.64664077758789,-70.3949966430664,,-66.55399322509766,-120.0,-75.25929260253906,,,-120.0,-55.744895935058594,,,-120.0,-67.30412292480469,,-66.98501586914062,-120.0,-119.99999237060547,,0.0,-120.0,uhnr1app,MoisesDBDatasource
/home/hice1/kwatchar3/Documents/data/moisesdb/intermediates/npz-coarse/test/c70471f9-9c4a-41c9-b8f8-20ac38847a8e.npz,-30.05742645263672,6.324959754943848,6.324959754943848,-29.708415985107422,-28.496673583984375,11.218820571899414,11.218820571899414,-28.09425163269043,-30.229976654052734,10.21937084197998,10.21937084197998,-30.21518325805664,-31.338706970214844,3.2540669441223145,3.2540669441223145,-28.837570190429688,-39.55323791503906,0.5460102558135986,0.5460102558135986,-37.652862548828125,-68.24028015136719,,-71.69515991210938,-120.0,-68.20800018310547,-0.13588687777519226,-0.13588687777519226,-53.363651275634766,-80.55573272705078,0.011043492704629898,0.011043492704629898,-52.35222625732422,-39.23763656616211,1.3417761325836182,1.3417761325836182,-31.64676284790039,-57.273895263671875,,-79.34844970703125,-120.0,-119.99998474121094,,0.0,-120.0,uhnr1app,MoisesDBDatasource
/home/hice1/kwatchar3/Documents/data/moisesdb/intermediates/npz-coarse/test/dc61c44e-a771-47a9-8934-a0eb8f3e08ac.npz,-35.20664978027344,3.0937042236328125,3.0937042236328125,-30.83681869506836,-28.317461013793945,9.374526977539062,9.374526977539062,-27.803251266479492,-33.613197326660156,3.7635483741760254,3.7635483741760254,-32.18638610839844,-30.474533081054688,1.1187595129013062,1.1187595129013062,-30.231569290161133,-51.170143127441406,,,-120.0,-75.1130142211914,,-61.846946716308594,-120.0,-55.27372741699219,,-78.0238265991211,-120.0,-57.17265319824219,,,-120.0,-46.271305084228516,0.3389149010181427,0.3389149010181427,-33.624656677246094,-60.86405944824219,,-73.51853942871094,-120.0,-119.99999237060547,,0.0,-120.0,uhnr1app,MoisesDBDatasource
/home/hice1/kwatchar3/Documents/data/moisesdb/intermediates/npz-coarse/test/dda2c057-6d73-43fa-a130-d7d6562c09ca.npz,-37.294830322265625,5.410261154174805,5.410261154174805,-35.675724029541016,-29.036462783813477,12.075982093811035,12.075982093811035,-28.872833251953125,-28.19391632080078,11.022109031677246,11.022109031677246,-27.704891204833984,-38.60942077636719,4.501637935638428,4.501637935638428,-35.277503967285156,-53.7252082824707,,,-120.0,-86.25177001953125,,-56.446250915527344,-120.0,-59.34926986694336,,-83.67816925048828,-120.0,-75.5416259765625,,,-120.0,-68.59303283691406,,,-120.0,-63.587181091308594,,-76.05844116210938,-120.0,-119.99998474121094,,0.0,-120.0,uhnr1app,MoisesDBDatasource
/home/hice1/kwatchar3/Documents/data/moisesdb/intermediates/npz-coarse/test/f0c565c5-fc73-4da1-b979-0fac0167f671.npz,-28.094606399536133,13.951428413391113,13.951428413391113,-27.856958389282227,-29.61623764038086,11.133028030395508,11.133028030395508,-29.206336975097656,-29.084014892578125,11.856099128723145,11.856099128723145,-28.746545791625977,-31.46602439880371,6.504802703857422,6.504802703857422,-30.221141815185547,-65.92371368408203,,,-120.0,-80.97172546386719,,-52.39307403564453,-120.0,-72.79859924316406,,-60.35015106201172,-120.0,-50.023250579833984,4.709196090698242,4.709196090698242,-47.99102020263672,-62.08491516113281,,,-120.0,-67.65160369873047,,-61.50621032714844,-120.0,-119.99999237060547,,0.0,-120.0,uhnr1app,MoisesDBDatasource
/home/hice1/kwatchar3/Documents/data/moisesdb/intermediates/npz-coarse/test/fc3c9e48-e2ac-4088-af65-68404baa7f12.npz,-30.366641998291016,7.10959529876709,7.10959529876709,-29.48589515686035,-27.23171043395996,10.977180480957031,10.977180480957031,-26.7269229888916,-30.09180450439453,10.788132667541504,10.788132667541504,-29.82251739501953,-37.97676086425781,1.968336582183838,1.968336582183838,-34.96791076660156,-37.53528594970703,2.0048751831054688,2.0048751831054688,-35.58341979980469,-70.12217712402344,-0.003698064247146249,-0.003698064247146249,-42.304080963134766,-54.576194763183594,,-80.23033142089844,-120.0,-58.96385955810547,2.3323378562927246,2.3323378562927246,-53.363033294677734,-51.19180679321289,0.18934780359268188,0.18934780359268188,-38.30696487426758,-57.303768157958984,,-78.0943832397461,-120.0,-119.99998474121094,,0.0,-120.0,uhnr1app,MoisesDBDatasource
